,album
,comments
track_id,
10,-0.17566408627590732
1349,-0.6147099995646963
1482,-0.17566408627590732
1891,-0.17566408627590732
3763,-0.17566408627590732
3772,0.2633818270128817
4483,-0.17566408627590732
4519,-0.17566408627590732
4994,0.7024277403016708
5082,-0.17566408627590732
5155,-0.17566408627590732
7391,0.7024277403016708
7554,-0.17566408627590732
8942,0.2633818270128817
8943,0.2633818270128817
8944,0.2633818270128817
8945,0.2633818270128817
8948,0.2633818270128817
8949,0.2633818270128817
9238,-0.17566408627590732
9262,1.1414736535904597
9423,-0.17566408627590732
10043,-0.17566408627590732
10380,0.2633818270128817
10513,-0.6147099995646963
10533,0.2633818270128817
10805,-0.17566408627590732
10807,-0.17566408627590732
10808,-0.17566408627590732
10809,-0.17566408627590732
10810,-0.17566408627590732
11326,-0.17566408627590732
11617,-0.17566408627590732
11718,-0.6147099995646963
11719,-0.17566408627590732
11755,-0.17566408627590732
11771,-0.17566408627590732
11773,-0.17566408627590732
11918,-0.17566408627590732
11978,-0.17566408627590732
11979,-0.17566408627590732
12186,-0.17566408627590732
12191,-0.17566408627590732
12283,0.2633818270128817
12291,0.2633818270128817
12672,1.5805195668792487
12673,1.5805195668792487
12674,1.5805195668792487
12675,1.5805195668792487
12676,1.5805195668792487
12677,1.5805195668792487
13809,-0.17566408627590732
14285,4.653840959900772
14690,0.2633818270128817
14742,0.2633818270128817
16335,0.2633818270128817
16773,1.1414736535904597
16783,1.1414736535904597
16785,1.1414736535904597
16788,1.1414736535904597
16821,0.2633818270128817
16901,-0.17566408627590732
17098,-0.17566408627590732
17352,0.2633818270128817
17511,-0.17566408627590732
17693,0.2633818270128817
18163,2.458611393456827
18164,2.458611393456827
18167,2.458611393456827
18169,2.458611393456827
18170,2.458611393456827
18197,-0.17566408627590732
18449,-0.17566408627590732
18856,0.2633818270128817
19195,0.2633818270128817
19333,1.1414736535904597
19440,0.7024277403016708
19474,0.7024277403016708
19475,0.7024277403016708
20107,-0.17566408627590732
20296,-0.17566408627590732
21112,-0.17566408627590732
21293,0.2633818270128817
21294,0.2633818270128817
21295,0.2633818270128817
21296,0.2633818270128817
21632,-0.17566408627590732
22295,0.2633818270128817
22332,-0.17566408627590732
23010,-0.17566408627590732
23011,-0.17566408627590732
23012,-0.17566408627590732
23013,-0.17566408627590732
23014,-0.17566408627590732
23015,-0.17566408627590732
23016,0.2633818270128817
23062,-0.17566408627590732
23121,0.7024277403016708
23161,2.458611393456827
23162,2.458611393456827
23163,2.458611393456827
23164,2.458611393456827
23175,2.458611393456827
23177,2.458611393456827
23181,2.458611393456827
23184,2.458611393456827
23186,2.458611393456827
23323,-0.17566408627590732
23354,-0.17566408627590732
23370,-0.17566408627590732
23371,0.7024277403016708
23505,-0.17566408627590732
24259,-0.17566408627590732
24309,-0.17566408627590732
24418,-0.17566408627590732
24419,-0.17566408627590732
24420,-0.17566408627590732
24421,-0.17566408627590732
24422,-0.17566408627590732
24423,-0.17566408627590732
24424,-0.17566408627590732
24425,-0.17566408627590732
24426,-0.17566408627590732
24427,-0.17566408627590732
24428,-0.17566408627590732
24429,-0.17566408627590732
24430,-0.17566408627590732
24431,-0.17566408627590732
24432,-0.17566408627590732
24433,0.7024277403016708
25121,-0.17566408627590732
25838,-0.17566408627590732
26005,0.2633818270128817
26203,-0.17566408627590732
26397,0.2633818270128817
26605,-0.17566408627590732
26651,0.7024277403016708
26652,0.7024277403016708
26859,1.5805195668792487
26902,-0.17566408627590732
26906,-0.17566408627590732
27177,-0.17566408627590732
27612,1.1414736535904597
27790,-0.17566408627590732
27798,0.2633818270128817
27916,-0.17566408627590732
28398,0.7024277403016708
28402,-0.17566408627590732
28550,2.8976573067456157
28553,0.2633818270128817
28601,-0.17566408627590732
28876,0.2633818270128817
28877,0.2633818270128817
29037,1.5805195668792487
29042,1.5805195668792487
29044,1.5805195668792487
29657,-0.17566408627590732
29836,0.2633818270128817
30292,-0.6147099995646963
30386,2.458611393456827
30387,2.458611393456827
30388,2.458611393456827
30389,2.458611393456827
30391,2.458611393456827
30394,2.458611393456827
30395,2.458611393456827
30424,0.2633818270128817
30782,-0.17566408627590732
31040,0.7024277403016708
31871,-0.17566408627590732
31999,0.2633818270128817
32009,0.2633818270128817
32802,0.2633818270128817
33135,-0.17566408627590732
33151,-0.6147099995646963
33152,-0.17566408627590732
33221,-0.17566408627590732
33427,-0.17566408627590732
33850,0.2633818270128817
33902,-0.17566408627590732
33936,0.2633818270128817
34459,-0.17566408627590732
34498,0.2633818270128817
35032,0.2633818270128817
35033,0.2633818270128817
35150,0.2633818270128817
35173,0.2633818270128817
35174,0.2633818270128817
35175,0.2633818270128817
35262,0.7024277403016708
35558,-0.17566408627590732
35970,-0.6147099995646963
36234,1.1414736535904597
36257,-0.17566408627590732
36435,-0.17566408627590732
36541,-0.17566408627590732
36621,0.7024277403016708
36624,0.7024277403016708
36625,0.7024277403016708
36628,0.7024277403016708
36630,0.7024277403016708
36637,0.7024277403016708
36638,0.7024277403016708
36640,0.7024277403016708
36641,0.7024277403016708
36642,0.7024277403016708
37111,3.336703220034405
37113,3.336703220034405
37123,3.336703220034405
37125,3.336703220034405
37128,3.336703220034405
37134,3.336703220034405
37305,1.5805195668792487
37340,-0.17566408627590732
37456,-0.17566408627590732
37899,1.1414736535904597
37900,1.1414736535904597
37901,1.1414736535904597
37902,1.1414736535904597
37903,1.1414736535904597
37904,1.1414736535904597
37905,1.1414736535904597
37906,1.1414736535904597
37907,1.1414736535904597
37908,1.1414736535904597
37909,1.1414736535904597
37910,1.1414736535904597
37911,3.336703220034405
38830,-0.17566408627590732
38834,-0.17566408627590732
38835,-0.17566408627590732
38836,-0.17566408627590732
38956,0.7024277403016708
39105,-0.17566408627590732
39361,-0.17566408627590732
39538,1.1414736535904597
39539,1.1414736535904597
39540,1.1414736535904597
39579,-0.17566408627590732
39580,-0.17566408627590732
39581,-0.17566408627590732
39582,-0.17566408627590732
39583,-0.17566408627590732
39584,-0.17566408627590732
39585,-0.17566408627590732
39586,-0.17566408627590732
39587,-0.17566408627590732
39588,-0.17566408627590732
39590,1.1414736535904597
39593,1.1414736535904597
39594,1.1414736535904597
39598,1.1414736535904597
39599,1.1414736535904597
39605,0.2633818270128817
39607,0.2633818270128817
39647,-0.17566408627590732
39648,-0.17566408627590732
39811,-0.17566408627590732
39884,-0.17566408627590732
39891,-0.17566408627590732
39892,-0.17566408627590732
40124,-0.17566408627590732
40865,-0.17566408627590732
40872,-0.17566408627590732
40877,-0.17566408627590732
41311,-0.17566408627590732
41413,-0.17566408627590732
41415,-0.17566408627590732
41417,-0.17566408627590732
41598,4.653840959900772
41599,4.653840959900772
41600,4.653840959900772
41601,4.653840959900772
41602,4.653840959900772
41961,0.2633818270128817
42019,-0.17566408627590732
42372,4.214795046611983
42373,4.214795046611983
42374,4.214795046611983
42375,4.214795046611983
42376,4.214795046611983
42377,4.214795046611983
42751,-0.17566408627590732
42827,0.2633818270128817
42844,-0.17566408627590732
42881,2.019565480168038
43194,-0.17566408627590732
43491,1.5805195668792487
44918,0.7024277403016708
44933,-0.17566408627590732
44946,-0.17566408627590732
44947,0.2633818270128817
44948,0.2633818270128817
44949,0.2633818270128817
44950,0.2633818270128817
44951,0.2633818270128817
44952,0.2633818270128817
44953,0.2633818270128817
45055,-0.17566408627590732
45174,-0.17566408627590732
45175,-0.17566408627590732
45382,-0.17566408627590732
45475,-0.17566408627590732
45501,2.8976573067456157
45529,-0.17566408627590732
45574,-0.17566408627590732
46076,-0.17566408627590732
46113,0.2633818270128817
46157,-0.17566408627590732
46258,-0.17566408627590732
46334,-0.17566408627590732
46361,0.7024277403016708
46521,-0.17566408627590732
46577,0.7024277403016708
46591,-0.17566408627590732
46611,-0.17566408627590732
47066,0.2633818270128817
47067,0.2633818270128817
47073,1.1414736535904597
47100,-0.17566408627590732
47260,-0.17566408627590732
47376,0.2633818270128817
47400,-0.17566408627590732
47532,0.7024277403016708
48031,-0.17566408627590732
48380,-0.17566408627590732
48387,0.2633818270128817
48388,0.2633818270128817
48409,0.2633818270128817
48410,0.2633818270128817
48442,0.2633818270128817
48443,0.2633818270128817
48465,0.7024277403016708
48474,-0.17566408627590732
50140,-0.17566408627590732
50578,0.2633818270128817
50579,0.2633818270128817
50580,0.2633818270128817
50581,0.2633818270128817
50582,0.2633818270128817
50882,-0.17566408627590732
50883,-0.17566408627590732
50884,-0.17566408627590732
50888,0.7024277403016708
50890,0.7024277403016708
50891,0.7024277403016708
50892,0.7024277403016708
50893,0.2633818270128817
50894,0.2633818270128817
50895,0.2633818270128817
50896,0.2633818270128817
50899,0.2633818270128817
50901,0.2633818270128817
50903,0.2633818270128817
50904,0.2633818270128817
50905,0.2633818270128817
50906,0.2633818270128817
50907,0.2633818270128817
50908,0.2633818270128817
50909,0.2633818270128817
50910,0.2633818270128817
50911,0.2633818270128817
50912,0.2633818270128817
50913,0.2633818270128817
50914,0.2633818270128817
50916,0.2633818270128817
50917,0.2633818270128817
50918,0.2633818270128817
50920,0.2633818270128817
50921,0.2633818270128817
50922,0.2633818270128817
50925,0.2633818270128817
50926,0.2633818270128817
50927,0.2633818270128817
50928,0.2633818270128817
50931,0.2633818270128817
50932,0.2633818270128817
50933,0.2633818270128817
50934,0.2633818270128817
50936,0.2633818270128817
50937,0.2633818270128817
50938,0.2633818270128817
50939,0.2633818270128817
50940,0.2633818270128817
50941,0.2633818270128817
50942,0.2633818270128817
50943,0.2633818270128817
50944,0.2633818270128817
50946,0.2633818270128817
50947,0.2633818270128817
50948,0.2633818270128817
50949,0.2633818270128817
50950,0.2633818270128817
50951,0.2633818270128817
50952,-0.17566408627590732
50953,-0.17566408627590732
50954,-0.17566408627590732
50955,-0.17566408627590732
50956,-0.17566408627590732
50957,-0.17566408627590732
50958,-0.17566408627590732
50959,-0.17566408627590732
50970,1.1414736535904597
50971,1.1414736535904597
50972,1.1414736535904597
50973,1.1414736535904597
50975,1.1414736535904597
50985,1.1414736535904597
50986,1.1414736535904597
50988,1.1414736535904597
50989,1.1414736535904597
50990,1.1414736535904597
50991,1.1414736535904597
50992,1.1414736535904597
50993,1.1414736535904597
50994,1.1414736535904597
50995,1.1414736535904597
50996,1.1414736535904597
51000,0.7024277403016708
51001,0.7024277403016708
51003,0.7024277403016708
51004,0.7024277403016708
51005,0.7024277403016708
51006,0.7024277403016708
51007,0.7024277403016708
51008,0.7024277403016708
51013,-0.17566408627590732
51014,-0.17566408627590732
51042,0.7024277403016708
51195,-0.17566408627590732
51677,2.8976573067456157
51772,0.2633818270128817
51833,-0.17566408627590732
51922,-0.17566408627590732
51954,0.2633818270128817
52620,2.458611393456827
52624,2.458611393456827
52625,2.458611393456827
52627,2.458611393456827
52628,-0.17566408627590732
52629,-0.17566408627590732
52630,-0.17566408627590732
52631,-0.17566408627590732
52632,-0.17566408627590732
52633,-0.17566408627590732
52634,-0.17566408627590732
52635,-0.17566408627590732
52636,-0.17566408627590732
52637,-0.17566408627590732
52638,-0.17566408627590732
52639,-0.17566408627590732
52640,-0.17566408627590732
52641,-0.17566408627590732
52642,-0.17566408627590732
52643,-0.17566408627590732
52644,-0.17566408627590732
52645,-0.17566408627590732
52646,-0.17566408627590732
52647,-0.17566408627590732
52648,-0.17566408627590732
52649,-0.17566408627590732
52650,-0.17566408627590732
52651,2.458611393456827
52652,2.458611393456827
52653,2.458611393456827
52654,2.458611393456827
52655,2.458611393456827
52656,2.458611393456827
52657,2.458611393456827
52658,2.458611393456827
52659,2.458611393456827
52660,2.458611393456827
52661,2.458611393456827
52662,2.458611393456827
52663,2.458611393456827
52664,2.458611393456827
52665,2.458611393456827
52667,2.458611393456827
52668,2.458611393456827
52669,2.458611393456827
52670,2.458611393456827
52671,2.458611393456827
52672,2.458611393456827
52673,2.458611393456827
52674,2.458611393456827
52675,2.458611393456827
52676,2.458611393456827
52677,2.458611393456827
52678,2.458611393456827
52679,2.458611393456827
52680,2.458611393456827
52681,2.458611393456827
52682,2.458611393456827
52683,2.458611393456827
52684,2.458611393456827
52685,2.458611393456827
52686,2.458611393456827
52687,2.458611393456827
52688,2.458611393456827
52689,2.458611393456827
52691,2.458611393456827
53457,-0.17566408627590732
53796,-0.17566408627590732
53797,-0.17566408627590732
53799,-0.17566408627590732
53800,2.458611393456827
53801,2.458611393456827
53802,2.458611393456827
53803,2.458611393456827
53804,2.458611393456827
53805,2.458611393456827
53806,2.458611393456827
53808,2.019565480168038
53809,2.019565480168038
53810,2.019565480168038
53811,2.019565480168038
53812,2.019565480168038
53813,2.019565480168038
53814,2.019565480168038
53815,2.019565480168038
53816,2.019565480168038
53817,2.019565480168038
53818,2.019565480168038
53819,2.019565480168038
53820,2.019565480168038
53821,2.019565480168038
53822,2.019565480168038
53823,2.019565480168038
53824,2.019565480168038
53825,2.019565480168038
53826,2.019565480168038
53827,2.019565480168038
53828,2.019565480168038
53829,2.019565480168038
53830,2.019565480168038
53831,-0.17566408627590732
53832,-0.17566408627590732
53833,-0.17566408627590732
53834,-0.17566408627590732
53835,-0.17566408627590732
53843,0.2633818270128817
53844,0.2633818270128817
53845,0.2633818270128817
53846,0.2633818270128817
53847,1.1414736535904597
53848,1.1414736535904597
53849,1.1414736535904597
53850,1.1414736535904597
53851,1.1414736535904597
53852,1.1414736535904597
53924,0.7024277403016708
54028,-0.17566408627590732
54033,-0.17566408627590732
54140,0.7024277403016708
54142,0.7024277403016708
54144,0.7024277403016708
54159,0.2633818270128817
54335,-0.17566408627590732
54344,0.2633818270128817
54662,-0.17566408627590732
54737,0.7024277403016708
54746,0.7024277403016708
54913,-0.17566408627590732
55111,-0.17566408627590732
55186,-0.17566408627590732
55718,3.775749133323194
55947,3.336703220034405
55948,3.336703220034405
55949,3.336703220034405
55950,3.336703220034405
55951,3.336703220034405
55952,3.336703220034405
55953,3.336703220034405
55954,3.336703220034405
55955,3.336703220034405
55956,3.336703220034405
55957,3.336703220034405
55958,3.336703220034405
56185,0.2633818270128817
56186,0.2633818270128817
56187,0.2633818270128817
56188,0.2633818270128817
56189,0.2633818270128817
56190,0.2633818270128817
56579,1.5805195668792487
56599,0.2633818270128817
56795,1.1414736535904597
56834,-0.17566408627590732
56874,-0.17566408627590732
56928,0.2633818270128817
57089,-0.17566408627590732
57092,-0.17566408627590732
57093,-0.17566408627590732
57118,-0.17566408627590732
57143,-0.17566408627590732
57144,-0.17566408627590732
57145,-0.17566408627590732
57146,-0.17566408627590732
57147,-0.17566408627590732
57149,-0.17566408627590732
57150,-0.17566408627590732
57151,-0.17566408627590732
57152,-0.17566408627590732
57153,-0.17566408627590732
57154,-0.17566408627590732
57155,-0.17566408627590732
57156,-0.17566408627590732
57157,-0.17566408627590732
57158,-0.17566408627590732
57159,-0.17566408627590732
57698,-0.17566408627590732
57751,-0.17566408627590732
57752,-0.17566408627590732
57800,0.2633818270128817
57801,0.2633818270128817
57802,0.2633818270128817
57804,-0.17566408627590732
57819,0.7024277403016708
57820,0.7024277403016708
57843,0.2633818270128817
57869,-0.17566408627590732
57908,-0.17566408627590732
57920,0.2633818270128817
57922,0.2633818270128817
57937,0.2633818270128817
57958,-0.17566408627590732
58074,0.7024277403016708
58079,-0.17566408627590732
58341,0.2633818270128817
58364,1.5805195668792487
58486,-0.17566408627590732
58634,-0.17566408627590732
58652,-0.17566408627590732
59135,0.2633818270128817
59293,-0.17566408627590732
59406,-0.17566408627590732
59474,0.2633818270128817
59541,4.653840959900772
59542,4.653840959900772
59543,4.653840959900772
59544,4.653840959900772
59545,4.653840959900772
59546,4.653840959900772
59547,4.653840959900772
59589,-0.17566408627590732
59590,-0.17566408627590732
59591,-0.17566408627590732
59592,-0.17566408627590732
59593,-0.17566408627590732
59594,-0.17566408627590732
59595,-0.17566408627590732
59596,-0.17566408627590732
59627,-0.17566408627590732
60196,-0.17566408627590732
60583,0.2633818270128817
60920,0.2633818270128817
61011,-0.17566408627590732
61053,2.458611393456827
61468,-0.6147099995646963
61478,-0.6147099995646963
61480,0.2633818270128817
61487,-0.6147099995646963
61489,-0.6147099995646963
61490,-0.6147099995646963
61492,0.2633818270128817
61506,-0.6147099995646963
61675,-0.17566408627590732
61923,-0.17566408627590732
62338,-0.6147099995646963
62369,3.336703220034405
62372,3.336703220034405
62373,3.336703220034405
62374,3.336703220034405
62375,3.336703220034405
62376,3.336703220034405
62380,3.336703220034405
62381,3.336703220034405
62382,3.336703220034405
62383,3.336703220034405
62417,-0.17566408627590732
62418,2.019565480168038
62419,-0.17566408627590732
62423,-0.17566408627590732
62426,2.019565480168038
62427,0.7024277403016708
62428,-0.17566408627590732
62429,2.019565480168038
62430,-0.17566408627590732
62431,1.1414736535904597
62433,1.1414736535904597
62434,-0.17566408627590732
62435,0.7024277403016708
62436,2.019565480168038
62439,2.019565480168038
62443,2.019565480168038
62444,-0.17566408627590732
62445,-0.17566408627590732
62446,-0.17566408627590732
62448,-0.17566408627590732
62449,-0.17566408627590732
62450,0.7024277403016708
62451,-0.17566408627590732
62452,0.7024277403016708
62455,-0.17566408627590732
62456,-0.17566408627590732
62458,-0.17566408627590732
62460,-0.17566408627590732
62461,-0.17566408627590732
62671,-0.17566408627590732
62724,-0.17566408627590732
62726,-0.17566408627590732
62727,-0.17566408627590732
62751,1.5805195668792487
62784,1.1414736535904597
62785,1.1414736535904597
62786,1.1414736535904597
62798,-0.17566408627590732
62929,-0.17566408627590732
63065,-0.17566408627590732
63091,-0.6147099995646963
63504,-0.17566408627590732
63807,1.5805195668792487
63809,1.5805195668792487
63810,1.5805195668792487
63811,1.5805195668792487
63812,1.5805195668792487
63813,1.5805195668792487
63814,1.5805195668792487
63815,1.5805195668792487
63816,1.5805195668792487
63817,1.5805195668792487
64048,0.2633818270128817
64074,0.7024277403016708
64077,0.7024277403016708
64159,-0.17566408627590732
64334,-0.17566408627590732
64414,1.1414736535904597
64423,0.2633818270128817
64436,-0.17566408627590732
64461,1.1414736535904597
64534,-0.17566408627590732
64569,-0.17566408627590732
64590,0.7024277403016708
64591,0.7024277403016708
64592,0.7024277403016708
64593,0.7024277403016708
64625,1.1414736535904597
64626,1.1414736535904597
64627,1.1414736535904597
64628,1.1414736535904597
64629,1.1414736535904597
64630,1.1414736535904597
64631,1.1414736535904597
64632,1.1414736535904597
64633,1.1414736535904597
64748,0.7024277403016708
64749,0.7024277403016708
64753,0.7024277403016708
64754,0.7024277403016708
64755,0.7024277403016708
64801,-0.17566408627590732
64802,-0.17566408627590732
64983,0.2633818270128817
65033,0.7024277403016708
65418,-0.17566408627590732
65482,1.5805195668792487
65483,1.5805195668792487
65484,1.5805195668792487
65781,1.5805195668792487
65782,1.5805195668792487
65783,1.5805195668792487
65784,1.5805195668792487
65785,1.5805195668792487
65786,1.5805195668792487
65787,1.5805195668792487
65788,1.5805195668792487
65789,1.5805195668792487
65790,1.5805195668792487
65791,1.5805195668792487
65792,1.5805195668792487
65793,1.5805195668792487
65794,1.5805195668792487
65795,1.5805195668792487
65796,1.5805195668792487
65840,0.2633818270128817
65853,1.1414736535904597
65956,-0.17566408627590732
66049,4.214795046611983
66050,4.214795046611983
66051,4.214795046611983
66052,4.214795046611983
66053,4.214795046611983
66054,4.214795046611983
66055,4.214795046611983
66076,0.2633818270128817
66255,-0.6147099995646963
66302,-0.17566408627590732
66326,1.1414736535904597
66376,1.5805195668792487
66513,-0.17566408627590732
66541,1.1414736535904597
66542,1.1414736535904597
66543,1.1414736535904597
66544,1.1414736535904597
66545,1.1414736535904597
66546,1.1414736535904597
66547,1.1414736535904597
66638,1.1414736535904597
66706,1.5805195668792487
66739,0.7024277403016708
66741,0.7024277403016708
66895,2.8976573067456157
66896,2.8976573067456157
66897,2.8976573067456157
66898,2.8976573067456157
66899,2.8976573067456157
66900,2.8976573067456157
66901,2.8976573067456157
66902,2.8976573067456157
66903,2.8976573067456157
66904,2.8976573067456157
66905,2.8976573067456157
66906,2.8976573067456157
67470,0.2633818270128817
67542,2.458611393456827
67588,2.458611393456827
67602,3.336703220034405
67603,3.336703220034405
67604,3.336703220034405
67605,3.336703220034405
67606,3.336703220034405
67607,3.336703220034405
67608,3.336703220034405
67610,3.336703220034405
67611,3.336703220034405
67612,3.336703220034405
67613,3.336703220034405
67614,3.336703220034405
67615,3.336703220034405
67616,3.336703220034405
67617,3.336703220034405
67674,-0.17566408627590732
67839,0.2633818270128817
67840,0.2633818270128817
67842,0.2633818270128817
68276,0.2633818270128817
68280,0.2633818270128817
68371,0.2633818270128817
68372,0.2633818270128817
68434,0.2633818270128817
68457,-0.17566408627590732
68582,0.7024277403016708
68657,2.019565480168038
68680,-0.17566408627590732
68850,0.2633818270128817
68888,1.1414736535904597
68889,1.1414736535904597
68890,1.1414736535904597
68898,2.019565480168038
68919,-0.17566408627590732
68942,-0.17566408627590732
68960,0.2633818270128817
68967,0.2633818270128817
69020,-0.17566408627590732
69170,1.5805195668792487
69191,-0.17566408627590732
69194,0.2633818270128817
69208,0.2633818270128817
69209,0.2633818270128817
69210,0.2633818270128817
69211,0.2633818270128817
69909,0.2633818270128817
69917,-0.17566408627590732
70291,0.7024277403016708
70419,-0.17566408627590732
70441,0.7024277403016708
70444,0.7024277403016708
70454,0.2633818270128817
70460,0.2633818270128817
70463,0.2633818270128817
70467,0.2633818270128817
70468,0.2633818270128817
70471,0.2633818270128817
70472,0.2633818270128817
70622,-0.17566408627590732
70652,-0.17566408627590732
70653,-0.17566408627590732
71054,-0.17566408627590732
71055,-0.17566408627590732
71056,-0.17566408627590732
71057,-0.17566408627590732
71058,-0.17566408627590732
71059,-0.17566408627590732
71060,-0.17566408627590732
71061,-0.17566408627590732
71062,-0.17566408627590732
71302,0.2633818270128817
71570,-0.17566408627590732
71577,-0.17566408627590732
71578,-0.17566408627590732
71579,-0.17566408627590732
71606,0.7024277403016708
71723,2.458611393456827
71768,-0.17566408627590732
71858,-0.17566408627590732
72072,-0.17566408627590732
72075,-0.17566408627590732
72076,-0.17566408627590732
72121,-0.17566408627590732
72196,-0.17566408627590732
72200,-0.17566408627590732
72503,-0.17566408627590732
72508,-0.17566408627590732
72509,-0.17566408627590732
72512,-0.17566408627590732
72521,0.7024277403016708
72530,-0.17566408627590732
72537,-0.17566408627590732
72681,0.2633818270128817
72682,0.2633818270128817
72726,-0.17566408627590732
72758,0.2633818270128817
73031,-0.17566408627590732
73049,-0.17566408627590732
73050,-0.17566408627590732
73147,0.2633818270128817
73326,1.1414736535904597
73446,-0.17566408627590732
73450,-0.17566408627590732
73470,-0.17566408627590732
73473,-0.17566408627590732
73474,-0.17566408627590732
73475,-0.17566408627590732
73492,-0.17566408627590732
73495,-0.17566408627590732
73500,-0.17566408627590732
73509,-0.17566408627590732
73539,-0.17566408627590732
73606,-0.17566408627590732
73607,-0.17566408627590732
73624,-0.17566408627590732
73652,0.2633818270128817
73656,-0.17566408627590732
73657,-0.17566408627590732
73675,0.2633818270128817
73704,-0.17566408627590732
73760,4.214795046611983
73785,-0.17566408627590732
73786,1.5805195668792487
73787,1.5805195668792487
73788,1.5805195668792487
73789,1.5805195668792487
73792,1.1414736535904597
73806,2.458611393456827
73808,2.458611393456827
73809,2.458611393456827
73810,2.458611393456827
73811,2.458611393456827
73813,2.458611393456827
73814,2.458611393456827
73815,2.458611393456827
73816,2.458611393456827
73817,2.458611393456827
73836,-0.17566408627590732
73897,-0.17566408627590732
74008,23.09376931802991
74010,23.09376931802991
74282,-0.17566408627590732
74357,-0.17566408627590732
74643,23.09376931802991
74672,23.09376931802991
74706,0.2633818270128817
74724,23.09376931802991
74748,23.09376931802991
74867,23.09376931802991
74873,23.09376931802991
75010,23.09376931802991
75017,-0.17566408627590732
75072,23.09376931802991
75284,23.09376931802991
75301,23.09376931802991
75311,23.09376931802991
75319,23.09376931802991
75325,23.09376931802991
75326,23.09376931802991
75327,23.09376931802991
75328,23.09376931802991
75560,23.09376931802991
75564,23.09376931802991
75565,23.09376931802991
75566,23.09376931802991
75567,23.09376931802991
75568,23.09376931802991
75569,23.09376931802991
75570,23.09376931802991
75571,23.09376931802991
75576,23.09376931802991
75577,23.09376931802991
75612,-0.17566408627590732
75687,23.09376931802991
75789,23.09376931802991
75805,23.09376931802991
75806,23.09376931802991
75808,23.09376931802991
75814,23.09376931802991
75899,23.09376931802991
75940,23.09376931802991
75941,23.09376931802991
75948,23.09376931802991
75953,23.09376931802991
75962,23.09376931802991
75978,23.09376931802991
76003,23.09376931802991
76017,23.09376931802991
76020,23.09376931802991
76023,23.09376931802991
76024,23.09376931802991
76028,23.09376931802991
76104,23.09376931802991
76128,1.1414736535904597
76129,1.1414736535904597
76130,1.1414736535904597
76131,1.1414736535904597
77312,0.7024277403016708
78277,23.09376931802991
78278,23.09376931802991
78280,23.09376931802991
79860,0.2633818270128817
79875,0.2633818270128817
79876,0.2633818270128817
79877,0.2633818270128817
79878,0.2633818270128817
79879,0.2633818270128817
79880,0.2633818270128817
79881,0.2633818270128817
79882,0.2633818270128817
79883,0.2633818270128817
79884,0.2633818270128817
79885,0.2633818270128817
79888,0.2633818270128817
79897,-0.17566408627590732
80048,-0.17566408627590732
80237,23.09376931802991
80776,-0.17566408627590732
80833,0.2633818270128817
80834,0.2633818270128817
80835,0.2633818270128817
80836,0.2633818270128817
80907,-0.17566408627590732
81060,0.2633818270128817
81466,-0.17566408627590732
81491,0.2633818270128817
81492,0.2633818270128817
81493,0.2633818270128817
81494,0.2633818270128817
81497,0.2633818270128817
81525,0.2633818270128817
81546,-0.17566408627590732
81547,-0.17566408627590732
81553,-0.17566408627590732
81563,-0.17566408627590732
81571,-0.17566408627590732
81596,0.7024277403016708
81597,0.7024277403016708
81598,0.7024277403016708
81599,0.7024277403016708
81600,0.7024277403016708
81601,0.7024277403016708
81603,0.7024277403016708
81605,0.7024277403016708
81606,0.7024277403016708
81607,0.7024277403016708
81608,0.7024277403016708
81609,0.7024277403016708
81610,0.7024277403016708
81638,-0.17566408627590732
81640,-0.17566408627590732
81641,-0.17566408627590732
81642,-0.17566408627590732
81643,-0.17566408627590732
81644,-0.17566408627590732
81645,-0.17566408627590732
81646,-0.17566408627590732
81647,-0.17566408627590732
81648,-0.17566408627590732
81649,-0.17566408627590732
81650,-0.17566408627590732
81651,-0.17566408627590732
81652,-0.17566408627590732
81653,-0.17566408627590732
81654,-0.17566408627590732
81655,-0.17566408627590732
81656,-0.17566408627590732
81657,-0.17566408627590732
81658,-0.17566408627590732
81659,-0.17566408627590732
81660,-0.17566408627590732
81661,-0.17566408627590732
81683,-0.17566408627590732
81693,-0.17566408627590732
81694,-0.17566408627590732
81704,-0.17566408627590732
81761,-0.17566408627590732
81764,-0.17566408627590732
81768,-0.17566408627590732
81769,-0.17566408627590732
81770,-0.17566408627590732
81771,-0.17566408627590732
81772,-0.17566408627590732
81773,-0.17566408627590732
81774,-0.17566408627590732
81775,-0.17566408627590732
81776,-0.17566408627590732
81777,-0.17566408627590732
81778,-0.17566408627590732
81779,-0.17566408627590732
81780,-0.17566408627590732
81781,-0.17566408627590732
81782,-0.17566408627590732
81783,-0.17566408627590732
81784,-0.17566408627590732
81785,-0.17566408627590732
81786,-0.17566408627590732
81787,-0.17566408627590732
81788,-0.17566408627590732
81789,-0.17566408627590732
81790,-0.17566408627590732
81791,-0.17566408627590732
81792,-0.17566408627590732
81793,-0.17566408627590732
81797,-0.17566408627590732
81804,0.2633818270128817
81805,0.2633818270128817
81806,0.2633818270128817
81807,0.2633818270128817
81808,0.2633818270128817
81809,0.2633818270128817
81810,0.2633818270128817
81811,0.2633818270128817
81812,0.2633818270128817
81868,-0.17566408627590732
81982,0.2633818270128817
81999,0.2633818270128817
82565,-0.17566408627590732
82620,0.7024277403016708
82743,-0.17566408627590732
82822,0.7024277403016708
82825,0.7024277403016708
82826,0.7024277403016708
82827,0.7024277403016708
82828,0.7024277403016708
82830,0.7024277403016708
82831,0.7024277403016708
82832,0.7024277403016708
82929,-0.17566408627590732
83149,-0.17566408627590732
83599,0.2633818270128817
83791,-0.17566408627590732
84151,-0.6147099995646963
84195,0.2633818270128817
84196,0.2633818270128817
84197,0.2633818270128817
84198,0.2633818270128817
84199,0.2633818270128817
84200,0.2633818270128817
84201,0.2633818270128817
84202,0.2633818270128817
84417,0.2633818270128817
84473,1.1414736535904597
84474,1.1414736535904597
84475,1.1414736535904597
84476,1.1414736535904597
84486,-0.17566408627590732
84880,0.2633818270128817
84881,0.2633818270128817
84982,2.8976573067456157
84983,2.8976573067456157
84984,2.8976573067456157
84985,2.8976573067456157
84986,2.8976573067456157
84987,2.8976573067456157
84988,2.8976573067456157
84989,2.8976573067456157
84990,2.8976573067456157
84991,2.8976573067456157
84992,2.8976573067456157
84993,2.8976573067456157
84994,2.8976573067456157
85024,0.2633818270128817
85202,-0.6147099995646963
85787,-0.17566408627590732
85788,-0.17566408627590732
85789,-0.17566408627590732
85790,-0.17566408627590732
85791,-0.17566408627590732
85792,-0.17566408627590732
85824,0.2633818270128817
85937,-0.17566408627590732
85939,-0.17566408627590732
86263,-0.17566408627590732
86487,3.775749133323194
86495,-0.17566408627590732
86589,4.214795046611983
86590,4.214795046611983
86591,4.214795046611983
86592,4.214795046611983
86593,4.214795046611983
86594,4.214795046611983
86595,4.214795046611983
86596,4.214795046611983
86597,4.214795046611983
86598,4.214795046611983
86599,4.214795046611983
86600,4.214795046611983
86621,2.458611393456827
86623,2.458611393456827
86625,2.458611393456827
86656,-0.17566408627590732
86657,-0.17566408627590732
86659,-0.17566408627590732
86684,-0.17566408627590732
86761,2.458611393456827
86762,2.458611393456827
86763,2.458611393456827
86766,2.458611393456827
86768,2.458611393456827
86783,-0.17566408627590732
86784,-0.17566408627590732
86785,-0.17566408627590732
86790,2.458611393456827
86792,2.458611393456827
86795,2.458611393456827
86796,2.458611393456827
86798,2.458611393456827
86799,2.458611393456827
86920,2.458611393456827
86921,0.2633818270128817
87251,0.2633818270128817
87326,-0.17566408627590732
87327,-0.17566408627590732
88931,0.2633818270128817
88970,0.2633818270128817
89029,2.8976573067456157
89030,2.8976573067456157
89033,2.8976573067456157
89034,2.8976573067456157
89035,2.8976573067456157
89036,2.8976573067456157
89147,-0.17566408627590732
89192,-0.17566408627590732
89317,0.7024277403016708
89319,0.7024277403016708
89320,0.7024277403016708
89321,0.7024277403016708
89322,0.7024277403016708
89324,0.7024277403016708
89326,0.7024277403016708
89433,0.2633818270128817
89597,-0.17566408627590732
89605,-0.17566408627590732
89888,-0.17566408627590732
89889,-0.17566408627590732
90967,-0.17566408627590732
91185,-0.17566408627590732
91186,-0.17566408627590732
91187,-0.17566408627590732
91206,-0.17566408627590732
91760,-0.17566408627590732
91974,-0.17566408627590732
92163,-0.17566408627590732
92164,-0.17566408627590732
92165,-0.17566408627590732
92166,-0.17566408627590732
92167,-0.17566408627590732
92168,-0.17566408627590732
92169,-0.17566408627590732
92170,-0.17566408627590732
92171,-0.17566408627590732
92172,-0.17566408627590732
92173,-0.17566408627590732
92174,-0.17566408627590732
92175,-0.17566408627590732
92282,0.2633818270128817
92296,-0.17566408627590732
92719,-0.17566408627590732
92720,-0.17566408627590732
92721,-0.17566408627590732
92722,-0.17566408627590732
92723,-0.17566408627590732
92724,-0.17566408627590732
92725,-0.17566408627590732
92726,-0.17566408627590732
92727,-0.17566408627590732
92728,-0.17566408627590732
92729,-0.17566408627590732
92730,-0.17566408627590732
92731,-0.17566408627590732
92732,-0.17566408627590732
92733,-0.17566408627590732
92734,-0.17566408627590732
92735,-0.17566408627590732
92736,-0.17566408627590732
92737,-0.17566408627590732
92738,-0.17566408627590732
92739,-0.17566408627590732
92740,-0.17566408627590732
93519,-0.17566408627590732
93520,-0.17566408627590732
93521,-0.17566408627590732
94349,4.214795046611983
94350,4.214795046611983
94351,4.214795046611983
94352,4.214795046611983
94353,4.214795046611983
94354,4.214795046611983
94355,4.214795046611983
94356,4.214795046611983
94357,4.214795046611983
94358,4.214795046611983
94359,4.214795046611983
94360,4.214795046611983
94361,4.214795046611983
94362,4.214795046611983
94363,4.214795046611983
94364,4.214795046611983
94365,4.214795046611983
95722,-0.17566408627590732
95724,-0.17566408627590732
95725,-0.17566408627590732
95726,-0.17566408627590732
95727,-0.17566408627590732
95820,0.7024277403016708
95821,0.7024277403016708
95822,0.7024277403016708
95884,-0.17566408627590732
95893,0.7024277403016708
95895,0.7024277403016708
95896,0.7024277403016708
95897,0.7024277403016708
95898,0.7024277403016708
95976,-0.17566408627590732
96387,-0.17566408627590732
96517,-0.17566408627590732
96534,-0.17566408627590732
96540,-0.17566408627590732
96700,0.2633818270128817
96701,0.2633818270128817
96702,0.2633818270128817
96703,0.2633818270128817
96704,0.2633818270128817
96705,0.2633818270128817
96706,0.2633818270128817
96707,0.2633818270128817
96708,0.2633818270128817
96828,0.2633818270128817
96829,0.2633818270128817
96832,0.2633818270128817
96836,0.2633818270128817
96839,0.2633818270128817
96872,-0.17566408627590732
96873,0.2633818270128817
96949,0.7024277403016708
97146,5.53193278647835
97147,5.53193278647835
97148,5.53193278647835
97149,5.53193278647835
97150,5.53193278647835
97151,5.53193278647835
97152,5.53193278647835
97153,5.53193278647835
97154,5.53193278647835
97157,-0.17566408627590732
97518,7.288116439633505
97519,7.288116439633505
97520,7.288116439633505
97521,7.288116439633505
97522,7.288116439633505
97523,7.288116439633505
97524,7.288116439633505
97525,7.288116439633505
97526,7.288116439633505
98637,-0.17566408627590732
98638,-0.17566408627590732
98639,-0.17566408627590732
99355,-0.17566408627590732
99683,-0.17566408627590732
100496,-0.17566408627590732
100779,-0.17566408627590732
100853,-0.17566408627590732
100865,-0.17566408627590732
100868,-0.17566408627590732
100872,-0.17566408627590732
100976,-0.17566408627590732
101042,0.2633818270128817
101292,0.7024277403016708
101293,0.7024277403016708
101294,0.7024277403016708
101297,0.7024277403016708
101302,0.7024277403016708
101454,0.7024277403016708
101455,0.7024277403016708
101458,0.7024277403016708
101459,0.7024277403016708
101661,0.7024277403016708
103730,0.2633818270128817
104275,-0.17566408627590732
104712,-0.17566408627590732
105388,1.1414736535904597
105390,1.1414736535904597
105391,1.1414736535904597
105948,0.7024277403016708
106503,0.7024277403016708
106504,0.7024277403016708
107262,-0.17566408627590732
107335,-0.17566408627590732
107341,2.458611393456827
107342,2.458611393456827
107343,2.458611393456827
107344,2.458611393456827
107345,2.458611393456827
107346,2.458611393456827
107347,2.458611393456827
107348,2.458611393456827
107349,2.458611393456827
107350,2.458611393456827
107351,2.458611393456827
107352,2.458611393456827
107353,2.458611393456827
107354,2.458611393456827
107544,-0.17566408627590732
107913,-0.17566408627590732
107967,-0.17566408627590732
108001,-0.17566408627590732
108018,1.5805195668792487
108019,1.5805195668792487
108020,1.5805195668792487
108021,1.5805195668792487
108022,1.5805195668792487
108023,1.5805195668792487
108024,1.5805195668792487
108025,1.5805195668792487
108026,1.5805195668792487
108027,1.5805195668792487
108046,0.2633818270128817
108166,-0.17566408627590732
108167,-0.17566408627590732
108350,0.2633818270128817
108351,0.2633818270128817
108352,-0.17566408627590732
108358,-0.17566408627590732
108359,-0.17566408627590732
108365,-0.17566408627590732
108366,-0.17566408627590732
109035,-0.6147099995646963
109169,0.7024277403016708
109274,-0.17566408627590732
109282,-0.17566408627590732
109385,-0.17566408627590732
109415,-0.17566408627590732
109416,-0.17566408627590732
109933,0.2633818270128817
109934,0.2633818270128817
110576,-0.17566408627590732
110691,-0.17566408627590732
111084,-0.17566408627590732
111085,-0.17566408627590732
111086,-0.17566408627590732
111087,-0.17566408627590732
111088,-0.17566408627590732
111089,-0.17566408627590732
111090,1.1414736535904597
111091,1.1414736535904597
111093,1.1414736535904597
111094,1.1414736535904597
111096,1.1414736535904597
111098,1.1414736535904597
111100,1.1414736535904597
111101,1.1414736535904597
111102,1.1414736535904597
111103,1.1414736535904597
111109,1.1414736535904597
111129,0.2633818270128817
111130,0.2633818270128817
111131,0.2633818270128817
111132,0.2633818270128817
111133,0.2633818270128817
111134,0.2633818270128817
111135,0.2633818270128817
111136,0.2633818270128817
111137,0.2633818270128817
111138,0.2633818270128817
111139,0.2633818270128817
111140,0.2633818270128817
111141,0.2633818270128817
111142,0.2633818270128817
111143,0.2633818270128817
111144,0.2633818270128817
111145,0.2633818270128817
111326,0.2633818270128817
111327,0.2633818270128817
111328,0.2633818270128817
111329,0.2633818270128817
111330,0.2633818270128817
111331,0.2633818270128817
111332,0.2633818270128817
111333,0.2633818270128817
111334,0.2633818270128817
111862,0.2633818270128817
111938,-0.17566408627590732
112294,-0.17566408627590732
112353,0.7024277403016708
112361,0.7024277403016708
112362,0.7024277403016708
112363,0.7024277403016708
112364,0.7024277403016708
112365,0.7024277403016708
112880,0.2633818270128817
112894,-0.17566408627590732
112895,-0.17566408627590732
112897,-0.17566408627590732
112899,-0.17566408627590732
112900,-0.17566408627590732
113179,0.2633818270128817
113186,0.2633818270128817
113225,-0.17566408627590732
113228,-0.17566408627590732
113259,0.7024277403016708
113283,-0.17566408627590732
113322,-0.17566408627590732
114068,-0.17566408627590732
114691,-0.17566408627590732
115400,1.1414736535904597
116029,-0.17566408627590732
116404,1.1414736535904597
117805,-0.17566408627590732
117870,0.2633818270128817
118755,-0.17566408627590732
118756,-0.17566408627590732
118757,-0.17566408627590732
118758,-0.17566408627590732
118759,-0.17566408627590732
118760,-0.17566408627590732
118761,-0.17566408627590732
118762,-0.17566408627590732
118763,-0.17566408627590732
118764,-0.17566408627590732
118765,-0.17566408627590732
118766,-0.17566408627590732
118767,-0.17566408627590732
118768,-0.17566408627590732
118769,-0.17566408627590732
119691,-0.17566408627590732
119703,-0.17566408627590732
119762,0.2633818270128817
119763,0.2633818270128817
119764,0.2633818270128817
119765,0.2633818270128817
119766,0.2633818270128817
119767,0.2633818270128817
119768,0.2633818270128817
119769,0.2633818270128817
119770,0.2633818270128817
119771,0.2633818270128817
119772,0.2633818270128817
119773,0.2633818270128817
119774,0.2633818270128817
119775,0.2633818270128817
119776,0.2633818270128817
119777,0.2633818270128817
119778,0.2633818270128817
119779,0.2633818270128817
119780,0.2633818270128817
119781,0.2633818270128817
119782,0.2633818270128817
119783,0.2633818270128817
119784,0.2633818270128817
119785,0.2633818270128817
119786,0.2633818270128817
119787,0.2633818270128817
119788,0.2633818270128817
119789,0.2633818270128817
119790,0.2633818270128817
119798,-0.17566408627590732
119799,-0.17566408627590732
119937,0.2633818270128817
120269,-0.17566408627590732
120270,-0.17566408627590732
120271,-0.17566408627590732
120272,-0.17566408627590732
120273,-0.17566408627590732
120274,-0.17566408627590732
120275,-0.17566408627590732
120276,-0.17566408627590732
120277,-0.17566408627590732
120278,-0.17566408627590732
120279,-0.17566408627590732
120280,-0.17566408627590732
120281,-0.17566408627590732
120282,-0.17566408627590732
120283,-0.17566408627590732
120284,-0.17566408627590732
120285,-0.17566408627590732
120286,-0.17566408627590732
120287,-0.17566408627590732
120288,-0.17566408627590732
120289,-0.17566408627590732
120290,-0.17566408627590732
120291,-0.17566408627590732
120292,-0.17566408627590732
120293,-0.17566408627590732
120294,-0.17566408627590732
120295,-0.17566408627590732
120296,-0.17566408627590732
120330,-0.17566408627590732
120331,-0.17566408627590732
120332,-0.17566408627590732
120333,-0.17566408627590732
120530,-0.17566408627590732
120752,0.2633818270128817
120753,0.2633818270128817
120754,0.2633818270128817
120755,0.2633818270128817
120756,0.2633818270128817
120757,0.2633818270128817
120758,0.2633818270128817
120759,0.2633818270128817
120760,0.2633818270128817
120761,0.2633818270128817
120762,0.2633818270128817
120763,0.2633818270128817
120764,0.2633818270128817
120765,0.2633818270128817
120766,0.2633818270128817
120926,-0.17566408627590732
121462,-0.17566408627590732
121464,-0.17566408627590732
121466,-0.17566408627590732
121468,-0.17566408627590732
121469,-0.17566408627590732
121470,-0.17566408627590732
121471,-0.17566408627590732
121492,0.2633818270128817
121493,0.2633818270128817
121494,0.2633818270128817
121495,0.2633818270128817
121514,-0.17566408627590732
121515,-0.17566408627590732
121516,-0.17566408627590732
121517,-0.17566408627590732
121518,-0.17566408627590732
121519,-0.17566408627590732
121555,-0.17566408627590732
121561,-0.17566408627590732
121564,-0.17566408627590732
121565,-0.17566408627590732
121566,-0.17566408627590732
121608,0.2633818270128817
122191,-0.17566408627590732
122323,2.019565480168038
122324,2.019565480168038
122325,2.019565480168038
122326,2.019565480168038
122327,2.019565480168038
122328,2.019565480168038
122329,2.019565480168038
122330,2.019565480168038
122331,2.019565480168038
122567,-0.17566408627590732
122644,0.7024277403016708
122645,0.7024277403016708
122646,0.7024277403016708
122647,0.7024277403016708
122648,0.7024277403016708
122649,0.7024277403016708
122650,0.7024277403016708
122651,0.7024277403016708
122652,0.7024277403016708
122653,0.7024277403016708
122654,0.7024277403016708
122663,0.7024277403016708
122664,0.7024277403016708
122665,0.7024277403016708
122666,0.7024277403016708
122667,0.7024277403016708
122668,0.7024277403016708
122669,0.7024277403016708
122670,0.7024277403016708
122832,-0.17566408627590732
123017,-0.17566408627590732
123227,-0.17566408627590732
123825,-0.17566408627590732
123882,-0.17566408627590732
124172,0.2633818270128817
124432,0.7024277403016708
124433,0.7024277403016708
124434,0.7024277403016708
124435,0.7024277403016708
124436,0.7024277403016708
124437,0.7024277403016708
124438,0.7024277403016708
124441,0.7024277403016708
124824,4.214795046611983
124844,4.214795046611983
124845,4.214795046611983
124846,4.214795046611983
124847,4.214795046611983
124848,4.214795046611983
124849,4.214795046611983
124931,0.2633818270128817
124936,0.2633818270128817
124944,0.2633818270128817
124945,0.2633818270128817
124946,0.2633818270128817
124947,0.2633818270128817
124948,0.2633818270128817
125112,-0.17566408627590732
125114,-0.17566408627590732
125115,-0.17566408627590732
125116,-0.17566408627590732
125117,-0.17566408627590732
125118,-0.17566408627590732
125119,-0.17566408627590732
125197,2.458611393456827
125198,2.458611393456827
125200,2.458611393456827
125202,2.458611393456827
125203,2.458611393456827
125204,2.458611393456827
125205,2.458611393456827
125261,-0.6147099995646963
125369,-0.17566408627590732
125645,2.458611393456827
125646,2.458611393456827
125847,-0.6147099995646963
126092,-0.17566408627590732
126093,-0.17566408627590732
126094,-0.17566408627590732
126095,-0.17566408627590732
126096,-0.17566408627590732
126097,-0.17566408627590732
126098,-0.17566408627590732
126099,-0.17566408627590732
126100,-0.17566408627590732
126101,-0.17566408627590732
126103,-0.17566408627590732
126118,-0.17566408627590732
126120,-0.17566408627590732
126121,-0.17566408627590732
126122,-0.17566408627590732
126123,-0.17566408627590732
126124,-0.17566408627590732
126125,-0.17566408627590732
126147,-0.17566408627590732
126148,-0.17566408627590732
126149,-0.17566408627590732
126151,2.8976573067456157
126152,2.8976573067456157
126153,2.8976573067456157
126154,2.8976573067456157
126155,2.8976573067456157
126156,2.8976573067456157
126157,2.8976573067456157
126548,-0.17566408627590732
126666,-0.17566408627590732
126671,-0.17566408627590732
126672,-0.17566408627590732
126673,-0.17566408627590732
126674,-0.17566408627590732
126675,-0.17566408627590732
126676,-0.17566408627590732
126678,0.2633818270128817
126680,0.2633818270128817
126683,0.2633818270128817
126685,0.2633818270128817
126686,0.2633818270128817
126687,0.2633818270128817
126750,0.7024277403016708
127089,-0.17566408627590732
127324,0.2633818270128817
127325,0.2633818270128817
127340,0.2633818270128817
127341,0.2633818270128817
127342,0.2633818270128817
127935,1.1414736535904597
127996,-0.17566408627590732
128001,-0.17566408627590732
128449,1.1414736535904597
128450,1.1414736535904597
128451,1.1414736535904597
128452,1.1414736535904597
128453,1.1414736535904597
128454,1.1414736535904597
128455,1.1414736535904597
128456,1.1414736535904597
128457,1.1414736535904597
128736,-0.17566408627590732
128755,-0.17566408627590732
129087,0.2633818270128817
129183,0.2633818270128817
129635,-0.17566408627590732
130332,0.2633818270128817
131027,-0.6147099995646963
131577,-0.17566408627590732
131904,-0.17566408627590732
131910,1.5805195668792487
131911,1.5805195668792487
131912,1.5805195668792487
131913,1.5805195668792487
131914,1.5805195668792487
131915,1.5805195668792487
131916,1.5805195668792487
131917,1.5805195668792487
131918,1.5805195668792487
131919,1.5805195668792487
131920,1.5805195668792487
131921,1.5805195668792487
131922,1.5805195668792487
131923,1.5805195668792487
131924,1.5805195668792487
131925,1.5805195668792487
131955,0.7024277403016708
131957,0.7024277403016708
131958,0.7024277403016708
131959,0.7024277403016708
131960,0.7024277403016708
131961,0.7024277403016708
131962,0.7024277403016708
131963,0.7024277403016708
131964,0.7024277403016708
132048,-0.17566408627590732
132058,-0.17566408627590732
132060,-0.17566408627590732
132061,-0.17566408627590732
132062,-0.17566408627590732
132065,0.2633818270128817
132066,0.2633818270128817
132067,0.2633818270128817
132068,0.2633818270128817
132069,0.2633818270128817
132070,0.2633818270128817
132071,0.2633818270128817
132072,0.2633818270128817
132073,0.2633818270128817
132608,-0.17566408627590732
132621,-0.17566408627590732
132623,-0.17566408627590732
132939,-0.17566408627590732
132940,-0.17566408627590732
132941,-0.17566408627590732
132943,-0.17566408627590732
132945,-0.17566408627590732
132946,-0.17566408627590732
132947,-0.17566408627590732
132948,-0.17566408627590732
133001,-0.17566408627590732
133512,-0.17566408627590732
133513,-0.17566408627590732
133514,-0.17566408627590732
133516,-0.17566408627590732
133517,-0.17566408627590732
133518,-0.17566408627590732
133520,-0.17566408627590732
133521,-0.17566408627590732
133525,-0.17566408627590732
133529,-0.17566408627590732
133530,-0.17566408627590732
133532,-0.17566408627590732
133533,-0.17566408627590732
133579,-0.17566408627590732
133580,-0.17566408627590732
133755,1.1414736535904597
133756,1.1414736535904597
133758,1.1414736535904597
133759,1.1414736535904597
133760,1.1414736535904597
133761,1.1414736535904597
133762,1.1414736535904597
133763,1.1414736535904597
133764,1.1414736535904597
133773,0.2633818270128817
133814,-0.17566408627590732
134018,-0.17566408627590732
134113,0.2633818270128817
134114,0.2633818270128817
134116,0.2633818270128817
134117,0.2633818270128817
134118,0.2633818270128817
134119,0.2633818270128817
134120,0.2633818270128817
134121,0.2633818270128817
134122,0.2633818270128817
134123,0.2633818270128817
134124,0.2633818270128817
134126,0.2633818270128817
134128,0.2633818270128817
134129,0.2633818270128817
134130,0.2633818270128817
134131,0.2633818270128817
134132,0.2633818270128817
134133,0.2633818270128817
134134,0.2633818270128817
134135,0.2633818270128817
134136,0.2633818270128817
134137,0.2633818270128817
134384,2.458611393456827
134385,2.458611393456827
134388,2.458611393456827
134389,2.458611393456827
134393,2.458611393456827
134394,2.458611393456827
134401,2.458611393456827
134404,2.458611393456827
134405,2.458611393456827
134408,2.458611393456827
134409,2.458611393456827
134410,2.458611393456827
134411,2.458611393456827
134412,2.458611393456827
134621,2.458611393456827
134651,0.2633818270128817
134670,2.019565480168038
134671,2.019565480168038
134672,2.019565480168038
134673,2.019565480168038
134674,2.019565480168038
134675,2.019565480168038
134676,2.019565480168038
134677,2.019565480168038
134678,2.019565480168038
134679,2.019565480168038
134680,2.019565480168038
134681,2.019565480168038
134682,2.019565480168038
134683,2.019565480168038
134684,2.019565480168038
134685,2.019565480168038
134686,2.019565480168038
134687,2.019565480168038
134688,0.2633818270128817
134689,0.2633818270128817
134690,0.2633818270128817
134691,0.2633818270128817
134692,0.2633818270128817
134693,0.2633818270128817
134694,0.2633818270128817
134695,0.2633818270128817
134767,0.2633818270128817
136242,-0.17566408627590732
136243,0.2633818270128817
136246,0.2633818270128817
136248,0.2633818270128817
136249,0.2633818270128817
136251,0.2633818270128817
136329,0.7024277403016708
136331,0.7024277403016708
136333,0.7024277403016708
136334,0.7024277403016708
136366,0.7024277403016708
136367,0.7024277403016708
136653,-0.17566408627590732
136908,-0.6147099995646963
137520,1.1414736535904597
138936,2.8976573067456157
138958,-0.17566408627590732
139005,1.5805195668792487
139007,1.5805195668792487
139011,1.5805195668792487
139041,-0.17566408627590732
139640,-0.17566408627590732
139690,2.458611393456827
139733,-0.17566408627590732
140184,0.2633818270128817
140193,0.2633818270128817
140240,-0.17566408627590732
140863,2.458611393456827
141017,-0.17566408627590732
141033,-0.17566408627590732
141035,-0.17566408627590732
141039,1.1414736535904597
141103,2.458611393456827
141104,2.458611393456827
141393,-0.17566408627590732
141411,2.8976573067456157
142081,0.2633818270128817
142905,0.7024277403016708
142931,0.7024277403016708
143289,0.2633818270128817
143401,-0.17566408627590732
143418,-0.17566408627590732
143770,2.019565480168038
144205,2.458611393456827
144974,-0.17566408627590732
145028,0.2633818270128817
145056,-0.17566408627590732
145366,0.2633818270128817
145524,1.1414736535904597
145529,1.1414736535904597
145590,-0.17566408627590732
145648,-0.17566408627590732
147130,-0.17566408627590732
148108,-0.17566408627590732
148536,0.2633818270128817
149055,-0.17566408627590732
